Date,Subreddit,Title,Upvotes,Comments,URL
2025-01-29 23:28:05,AskReddit,"Those who currently work in US federal government, what’s the is current mood like?",7890,3707,https://old.reddit.com/r/AskReddit/comments/1ich8c0/those_who_currently_work_in_us_federal_government/
2025-01-29 23:28:05,AskReddit,You're given a million of whatever you last googled. What is it?,6614,20728,https://old.reddit.com/r/AskReddit/comments/1ichgwc/youre_given_a_million_of_whatever_you_last/
2025-01-29 23:28:05,AskReddit,Whats the hottest thing your partner does unconsciously?,1282,926,https://old.reddit.com/r/AskReddit/comments/1icfuy7/whats_the_hottest_thing_your_partner_does/
2025-01-29 23:28:05,AskReddit,What is something you wish people in the world were less ignorant of?,601,683,https://old.reddit.com/r/AskReddit/comments/1icygar/what_is_something_you_wish_people_in_the_world/
2025-01-29 23:28:05,AskReddit,"You die and go to the afterlife. When you get there, you are allowed to have an hour long conversation with one person. Who do you talk to?",408,416,https://old.reddit.com/r/AskReddit/comments/1icsner/you_die_and_go_to_the_afterlife_when_you_get/
2025-01-29 23:28:10,nosleep,"Someone installed a peephole in my roof, directly above my bed. I can’t tell how long it’s been there, but they've been watching me through it while I sleep.",160,13,https://old.reddit.com/r/nosleep/comments/1icjwz5/someone_installed_a_peephole_in_my_roof_directly/
2025-01-29 23:28:10,nosleep,Fuck HIPAA. My new patient lives in a basement and the reason why definitely shocked me.,117,31,https://old.reddit.com/r/nosleep/comments/1id2nab/fuck_hipaa_my_new_patient_lives_in_a_basement_and/
2025-01-29 23:28:10,nosleep,I inherited my parent's house. I didn’t know it came with a deadly collection,89,7,https://old.reddit.com/r/nosleep/comments/1icgvz8/i_inherited_my_parents_house_i_didnt_know_it_came/
2025-01-29 23:28:10,nosleep,"""Don't make your mother angry"" my grandma's last words",81,13,https://old.reddit.com/r/nosleep/comments/1icqc9n/dont_make_your_mother_angry_my_grandmas_last_words/
2025-01-29 23:28:10,nosleep,I Should Have Just Taken the Other Elevator,81,7,https://old.reddit.com/r/nosleep/comments/1icgegw/i_should_have_just_taken_the_other_elevator/
2025-01-29 23:28:15,AmItheAsshole,AITA for not allowing my children to call my mother “Honey”,3818,2248,https://old.reddit.com/r/AmItheAsshole/comments/1icywv6/aita_for_not_allowing_my_children_to_call_my/
2025-01-29 23:28:15,AmItheAsshole,Diversify your portfolio with crypto futures. Now with 13 futures contracts on Coinbase Advanced.,3,0,https://alb.reddit.com/cr?za=ew0S1BDLKKN45myTK102-tTY7Hv-BBpcQvMEBJFCA9gqyVihDsrsFeZgk8sdOTJ-SPkKbn5vNAz0sAGNkHe__WpneVEwhcjSZhkZoP1Of2v3PG6Ph4PChI1dRB4TMd21kLHhqnulMA-05mrcO9HdxATu4N0rMTrYDYnZbMP-u8QAsbORMFIpxr8W676n7NTiqmtsM23NBmeXgEusjLrEyWGkByx0Th_-T28viGn06fWzcfOFtDIVw9zGJUTvi-xbrZI9NMEnM9VfmbqtMvY9FZoOChVLoQm_-PF5kBi-n1wXOAHqxIv94MtlymhKCo1gUMWjPB5ZDw9PvvZ9-MhsffA3wjOthmSJGz2ntA4tgZPkzuJPE6R8QM8z5W5ns8fetsHz2kKtlf9bNqH-iRLNwNlFupcPJ9vJIucpbmWIelcwshFX4Zp7Vc8LqyunyfYf17Wp1zuOue52Qsqc7BbeBHS32yCJs0gC408_trvbnRA_proNjQhJurg-LqvHvTTQ-X3JXF7w0kU-8vmMUBjYOdYMUCx4SvOCWdPLGT9wV0mnME4gFi5gMaNgagH0hKTh4y9fl0TDuzPe&zp=xaAGqbvJGCfbQHmB2xwUVC7lVihaZ-oHdSYGS7yfrWcmvRrXf1iwZ-lWoVgLoU0ittMkmEDJGnub8OE4v5jTkYr6_CvStiV9IzFFQ6KxEo_kqR8OcDOW6TkNDDwno6ETAFBpfUVgw745XSA-3NZ6jTZorPOSYmDe2qrtIIxvcbYaeja_cFzIjGFKeldyED9UJ7GsZKpBwwDlf-3DgA2SZESWvVIOXy_ykUlQqaFOkMzrQcEvnavqpPSbpaXrx9GOjZLEEXdn1otRSh6jR3inVzy20IyJs8d9JbpzyOy9o5Jj
2025-01-29 23:28:15,AmItheAsshole,AITA asked for my house keys back from my mother as she just lets herself in with no heads up and has walked into my bedroom too many times now while I am half asleep,2805,309,https://old.reddit.com/r/AmItheAsshole/comments/1iclo7h/aita_asked_for_my_house_keys_back_from_my_mother/
2025-01-29 23:28:15,AmItheAsshole,AITA for how I handled my son’s girlfriend spending the night?,2684,1171,https://old.reddit.com/r/AmItheAsshole/comments/1ichuga/aita_for_how_i_handled_my_sons_girlfriend/
2025-01-29 23:28:15,AmItheAsshole,AITA for snapping at my husband for being “forcefully nice”?,2470,673,https://old.reddit.com/r/AmItheAsshole/comments/1icocce/aita_for_snapping_at_my_husband_for_being/
